{"AAPL": {"volatility": 0.25643481736212687, "average_return": -0.0010796965959214827, "total_return": -0.04833256813723452}, "TSLA": {"volatility": 0.6227432968557032, "average_return": 0.002498805793052503, "total_return": 0.07446302052703802}, "AMZN": {"volatility": 0.24675296587960205, "average_return": 0.0030333585021611806, "total_return": 0.12676190024203882}, "GOOGL": {"volatility": 0.31920577405645856, "average_return": 0.004103515480793936, "total_return": 0.17342119073998474}, "MSFT": {"volatility": 0.2669507078917814, "average_return": -0.0010223692070346034, "total_return": -0.04654508329852891}, "META": {"volatility": 0.28163952395402525, "average_return": 0.004124964535638535, "total_return": 0.1764924177251488}, "NVDA": {"volatility": 0.6363790222619775, "average_return": -0.0033778646681304767, "total_return": -0.15847940561206086}}